date,DFF,DGS2,DGS10,DTWEXBGS,VIXCLS
2021-12-01,0.08,0.56,1.43,115.889,31.12
2021-12-02,0.08,0.63,1.44,116.018,27.95
2021-12-03,0.08,0.6,1.35,116.2377,30.67
2021-12-04,0.08,nan,nan,nan,nan
2021-12-05,0.08,nan,nan,nan,nan
2021-12-06,0.08,0.65,1.43,116.1538,27.18
2021-12-07,0.08,0.7,1.48,115.8555,21.89
2021-12-08,0.08,0.68,1.52,115.4418,19.9
2021-12-09,0.08,0.7,1.49,115.7784,21.58
2021-12-10,0.08,0.67,1.48,115.5732,18.69
2021-12-11,0.08,nan,nan,nan,nan
2021-12-12,0.08,nan,nan,nan,nan
2021-12-13,0.08,0.66,1.42,115.842,20.31
2021-12-14,0.08,0.67,1.44,116.2397,21.89
2021-12-15,0.08,0.69,1.47,116.4219,19.29
2021-12-16,0.08,0.64,1.44,115.7146,20.57
2021-12-17,0.08,0.66,1.41,115.791,21.57
2021-12-18,0.08,nan,nan,nan,nan
2021-12-19,0.08,nan,nan,nan,nan
2021-12-20,0.08,0.65,1.43,116.0092,22.87
2021-12-21,0.08,0.7,1.48,116.1089,21.01
2021-12-22,0.08,0.68,1.46,115.7485,18.63
2021-12-23,0.08,0.71,1.5,115.5337,17.96
2021-12-24,0.08,nan,nan,nan,nan
2021-12-25,0.08,nan,nan,nan,nan
2021-12-26,0.08,nan,nan,nan,nan
2021-12-27,0.08,0.76,1.48,115.4684,17.68
2021-12-28,0.08,0.74,1.49,115.4192,17.54
2021-12-29,0.08,0.75,1.55,115.3678,16.95
2021-12-30,0.08,0.73,1.52,115.283,17.33
2021-12-31,0.07,0.73,1.52,nan,17.22
2022-01-01,0.07,nan,nan,nan,nan
2022-01-02,0.07,nan,nan,nan,nan
2022-01-03,0.08,0.78,1.63,115.4101,16.6
2022-01-04,0.08,0.77,1.66,115.3103,16.91
2022-01-05,0.08,0.83,1.71,115.137,19.73
2022-01-06,0.08,0.88,1.73,115.4046,19.61
2022-01-07,0.08,0.87,1.76,115.0451,18.76
2022-01-08,0.08,nan,nan,nan,nan
2022-01-09,0.08,nan,nan,nan,nan
2022-01-10,0.08,0.92,1.78,115.2216,19.4
2022-01-11,0.08,0.9,1.75,114.8332,18.41
2022-01-12,0.08,0.92,1.74,114.355,17.62
2022-01-13,0.08,0.91,1.7,114.177,20.31
2022-01-14,0.08,0.99,1.78,114.3825,19.19
2022-01-15,0.08,nan,nan,nan,nan
2022-01-16,0.08,nan,nan,nan,nan
2022-01-17,0.08,nan,nan,nan,nan
2022-01-18,0.08,1.06,1.87,114.7373,22.79
2022-01-19,0.08,1.04,1.83,114.6109,23.85
2022-01-20,0.08,1.08,1.83,114.4642,25.59
2022-01-21,0.08,1.01,1.75,114.6125,28.85
2022-01-22,0.08,nan,nan,nan,nan
2022-01-23,0.08,nan,nan,nan,nan
2022-01-24,0.08,0.99,1.75,115.2034,29.9
2022-01-25,0.08,1.02,1.78,115.1654,31.16
2022-01-26,0.08,1.13,1.85,115.0922,31.96
2022-01-27,0.08,1.18,1.81,115.978,30.49
2022-01-28,0.08,1.15,1.78,116.0393,27.66
2022-01-29,0.08,nan,nan,nan,nan
2022-01-30,0.08,nan,nan,nan,nan
2022-01-31,0.08,1.18,1.79,115.566,24.83
2022-02-01,0.08,1.18,1.81,115.3685,21.96
2022-02-02,0.08,1.16,1.78,115.1538,22.09
2022-02-03,0.08,1.19,1.82,114.9065,24.35
2022-02-04,0.08,1.31,1.93,115.1362,23.22
2022-02-05,0.08,nan,nan,nan,nan
2022-02-06,0.08,nan,nan,nan,nan
2022-02-07,0.08,1.3,1.92,115.0098,22.86
2022-02-08,0.08,1.35,1.96,115.0892,21.44
2022-02-09,0.08,1.36,1.94,114.8232,19.96
2022-02-10,0.08,1.61,2.03,114.5527,23.91
2022-02-11,0.08,1.5,1.92,114.8413,27.36
2022-02-12,0.08,nan,nan,nan,nan
2022-02-13,0.08,nan,nan,nan,nan
2022-02-14,0.08,1.58,1.98,115.1946,28.33
2022-02-15,0.08,1.58,2.05,114.93,25.7
2022-02-16,0.08,1.52,2.03,114.6886,24.29
2022-02-17,0.08,1.49,1.97,114.6755,28.11
2022-02-18,0.08,1.47,1.92,114.7982,27.75
2022-02-19,0.08,nan,nan,nan,nan
2022-02-20,0.08,nan,nan,nan,nan
2022-02-21,0.08,nan,nan,nan,nan
2022-02-22,0.08,1.56,1.94,114.7002,28.81
2022-02-23,0.08,1.58,1.99,114.6668,31.02
2022-02-24,0.08,1.54,1.96,115.9419,30.32
2022-02-25,0.08,1.55,1.97,115.2577,27.59
2022-02-26,0.08,nan,nan,nan,nan
2022-02-27,0.08,nan,nan,nan,nan
2022-02-28,0.08,1.44,1.83,115.2224,30.15
2022-03-01,0.08,1.31,1.72,115.7962,33.32
2022-03-02,0.08,1.5,1.86,115.7623,30.74
2022-03-03,0.08,1.53,1.86,115.9495,30.48
2022-03-04,0.08,1.5,1.74,116.6503,31.98
2022-03-05,0.08,nan,nan,nan,nan
2022-03-06,0.08,nan,nan,nan,nan
2022-03-07,0.08,1.55,1.78,117.3278,36.45
2022-03-08,0.08,1.63,1.86,117.6176,35.13
2022-03-09,0.08,1.68,1.94,116.5961,32.45
2022-03-10,0.08,1.72,1.98,116.7401,30.23
2022-03-11,0.08,1.75,2.0,117.0192,30.75
2022-03-12,0.08,nan,nan,nan,nan
2022-03-13,0.08,nan,nan,nan,nan
2022-03-14,0.08,1.87,2.14,117.1506,31.77
2022-03-15,0.08,1.85,2.15,117.246,29.83
2022-03-16,0.08,1.95,2.19,116.8073,26.67
2022-03-17,0.33,1.94,2.2,116.0467,25.67
2022-03-18,0.33,1.97,2.14,116.1378,23.87
2022-03-19,0.33,nan,nan,nan,nan
2022-03-20,0.33,nan,nan,nan,nan
2022-03-21,0.33,2.14,2.32,115.9398,23.53
2022-03-22,0.33,2.18,2.38,116.0824,22.94
2022-03-23,0.33,2.13,2.32,116.005,23.57
2022-03-24,0.33,2.13,2.34,115.9599,21.67
2022-03-25,0.33,2.3,2.48,115.7921,20.81
2022-03-26,0.33,nan,nan,nan,nan
2022-03-27,0.33,nan,nan,nan,nan
2022-03-28,0.33,2.35,2.46,116.1911,19.63
2022-03-29,0.33,2.35,2.41,115.5679,18.9
2022-03-30,0.33,2.31,2.35,115.0818,19.33
2022-03-31,0.33,2.28,2.32,115.2218,20.56
2022-04-01,0.33,2.44,2.39,115.4814,19.63
2022-04-02,0.33,nan,nan,nan,nan
2022-04-03,0.33,nan,nan,nan,nan
2022-04-04,0.33,2.43,2.42,115.4112,18.57
2022-04-05,0.33,2.51,2.54,115.73,21.03
2022-04-06,0.33,2.5,2.61,115.9995,22.1
2022-04-07,0.33,2.47,2.66,116.3512,21.55
2022-04-08,0.33,2.53,2.72,116.4176,21.16
2022-04-09,0.33,nan,nan,nan,nan
2022-04-10,0.33,nan,nan,nan,nan
2022-04-11,0.33,2.5,2.79,116.5401,24.37
2022-04-12,0.33,2.39,2.72,116.3866,24.26
2022-04-13,0.33,2.37,2.7,116.2796,21.82
2022-04-14,0.33,2.47,2.83,116.7558,22.7
2022-04-15,0.33,nan,nan,116.7017,nan
2022-04-16,0.33,nan,nan,nan,nan
2022-04-17,0.33,nan,nan,nan,nan
2022-04-18,0.33,2.46,2.85,116.8441,22.17
2022-04-19,0.33,2.61,2.93,117.1324,21.37
2022-04-20,0.33,2.6,2.85,116.7306,20.32
2022-04-21,0.33,2.68,2.9,117.1432,22.68
2022-04-22,0.33,2.72,2.9,118.0186,28.21
2022-04-23,0.33,nan,nan,nan,nan
2022-04-24,0.33,nan,nan,nan,nan
2022-04-25,0.33,2.63,2.81,118.6271,27.02
2022-04-26,0.33,2.54,2.77,118.9624,33.52
2022-04-27,0.33,2.58,2.82,119.4708,31.6
2022-04-28,0.33,2.63,2.85,120.0675,29.99
2022-04-29,0.33,2.7,2.89,119.4933,33.4
2022-04-30,0.33,nan,nan,nan,nan
2022-05-01,0.33,nan,nan,nan,nan
2022-05-02,0.33,2.73,2.99,119.8825,32.34
2022-05-03,0.33,2.78,2.97,119.7043,29.25
2022-05-04,0.33,2.66,2.93,119.5592,25.42
2022-05-05,0.83,2.71,3.05,120.0068,31.2
2022-05-06,0.83,2.72,3.12,119.8577,30.19
2022-05-07,0.83,nan,nan,nan,nan
2022-05-08,0.83,nan,nan,nan,nan
2022-05-09,0.83,2.61,3.05,120.4972,34.75
2022-05-10,0.83,2.62,2.99,120.7742,32.99
2022-05-11,0.83,2.66,2.91,120.3925,32.56
2022-05-12,0.83,2.56,2.84,121.2796,31.77
2022-05-13,0.83,2.61,2.93,120.8442,28.87
2022-05-14,0.83,nan,nan,nan,nan
2022-05-15,0.83,nan,nan,nan,nan
2022-05-16,0.83,2.58,2.88,120.6881,27.47
2022-05-17,0.83,2.71,2.98,119.8871,26.1
2022-05-18,0.83,2.68,2.89,120.0274,30.96
2022-05-19,0.83,2.63,2.84,119.4278,29.35
2022-05-20,0.83,2.6,2.78,119.3677,29.43
2022-05-21,0.83,nan,nan,nan,nan
2022-05-22,0.83,nan,nan,nan,nan
2022-05-23,0.83,2.65,2.86,118.7169,28.48
2022-05-24,0.83,2.5,2.76,118.6245,29.45
2022-05-25,0.83,2.48,2.75,118.9598,28.37
2022-05-26,0.83,2.46,2.75,118.7687,27.5
2022-05-27,0.83,2.47,2.74,118.2834,25.72
2022-05-28,0.83,nan,nan,nan,nan
2022-05-29,0.83,nan,nan,nan,nan
2022-05-30,0.83,nan,nan,nan,26.54
2022-05-31,0.83,2.53,2.85,118.0704,26.19
2022-06-01,0.83,2.66,2.94,118.6954,25.69
2022-06-02,0.83,2.65,2.92,118.0658,24.72
2022-06-03,0.83,2.66,2.96,118.2153,24.79
2022-06-04,0.83,nan,nan,nan,nan
2022-06-05,0.83,nan,nan,nan,nan
2022-06-06,0.83,2.73,3.04,118.3081,25.07
2022-06-07,0.83,2.75,2.98,118.4414,24.02
2022-06-08,0.83,2.78,3.03,118.3951,23.96
2022-06-09,0.83,2.83,3.04,118.9226,26.09
2022-06-10,0.83,3.06,3.15,119.9981,27.75
2022-06-11,0.83,nan,nan,nan,nan
2022-06-12,0.83,nan,nan,nan,nan
2022-06-13,0.83,3.4,3.43,121.1523,34.02
2022-06-14,0.83,3.45,3.49,121.6669,32.69
2022-06-15,0.83,3.2,3.33,121.6403,29.62
2022-06-16,1.58,3.14,3.28,120.6714,32.95
2022-06-17,1.58,3.17,3.25,121.2369,31.13
2022-06-18,1.58,nan,nan,nan,nan
2022-06-19,1.58,nan,nan,nan,nan
2022-06-20,1.58,nan,nan,nan,31.03
2022-06-21,1.58,3.21,3.31,120.6427,30.19
2022-06-22,1.58,3.06,3.16,120.5197,28.95
2022-06-23,1.58,3.01,3.09,120.7622,29.05
2022-06-24,1.58,3.04,3.13,120.4853,27.23
2022-06-25,1.58,nan,nan,nan,nan
2022-06-26,1.58,nan,nan,nan,nan
2022-06-27,1.58,3.08,3.2,120.1736,26.95
2022-06-28,1.58,3.1,3.2,120.62,28.36
2022-06-29,1.58,3.06,3.1,120.9616,28.16
2022-06-30,1.58,2.92,2.98,120.9652,28.71
2022-07-01,1.58,2.84,2.88,121.5058,26.7
2022-07-02,1.58,nan,nan,nan,nan
2022-07-03,1.58,nan,nan,nan,nan
2022-07-04,1.58,nan,nan,nan,27.53
2022-07-05,1.58,2.82,2.82,122.6203,27.54
2022-07-06,1.58,2.97,2.93,123.0073,26.73
2022-07-07,1.58,3.03,3.01,122.7257,26.08
2022-07-08,1.58,3.12,3.09,122.4662,24.64
2022-07-09,1.58,nan,nan,nan,nan
2022-07-10,1.58,nan,nan,nan,nan
2022-07-11,1.58,3.07,2.99,123.2974,26.17
2022-07-12,1.58,3.03,2.96,123.4524,27.29
2022-07-13,1.58,3.13,2.91,123.2834,26.82
2022-07-14,1.58,3.15,2.96,124.0622,26.4
2022-07-15,1.58,3.13,2.93,123.4765,24.23
2022-07-16,1.58,nan,nan,nan,nan
2022-07-17,1.58,nan,nan,nan,nan
2022-07-18,1.58,3.15,2.96,122.7727,25.3
2022-07-19,1.58,3.23,3.01,122.4819,24.5
2022-07-20,1.58,3.25,3.04,122.5997,23.88
2022-07-21,1.58,3.1,2.91,122.9032,23.11
2022-07-22,1.58,2.98,2.77,122.451,23.03
2022-07-23,1.58,nan,nan,nan,nan
2022-07-24,1.58,nan,nan,nan,nan
2022-07-25,1.58,3.0,2.81,122.4594,23.36
2022-07-26,1.58,3.02,2.81,122.7581,24.69
2022-07-27,1.58,2.96,2.78,122.8169,23.24
2022-07-28,2.33,2.85,2.68,122.1161,22.33
2022-07-29,2.32,2.89,2.67,121.7678,21.33
2022-07-30,2.32,nan,nan,nan,nan
2022-07-31,2.32,nan,nan,nan,nan
2022-08-01,2.33,2.9,2.6,121.4109,22.84
2022-08-02,2.33,3.06,2.75,121.9486,23.93
2022-08-03,2.33,3.1,2.73,122.3888,21.95
2022-08-04,2.33,3.03,2.68,121.8333,21.44
2022-08-05,2.33,3.24,2.83,122.321,21.15
2022-08-06,2.33,nan,nan,nan,nan
2022-08-07,2.33,nan,nan,nan,nan
2022-08-08,2.33,3.21,2.77,121.8783,21.29
2022-08-09,2.33,3.28,2.8,121.8614,21.77
2022-08-10,2.33,3.23,2.78,120.7543,19.74
2022-08-11,2.33,3.23,2.87,120.7163,20.2
2022-08-12,2.33,3.25,2.84,121.018,19.53
2022-08-13,2.33,nan,nan,nan,nan
2022-08-14,2.33,nan,nan,nan,nan
2022-08-15,2.33,3.2,2.79,121.4315,19.95
2022-08-16,2.33,3.25,2.82,121.6807,19.69
2022-08-17,2.33,3.28,2.89,122.0711,19.9
2022-08-18,2.33,3.22,2.88,122.3627,19.56
2022-08-19,2.33,3.25,2.98,123.0501,20.6
2022-08-20,2.33,nan,nan,nan,nan
2022-08-21,2.33,nan,nan,nan,nan
2022-08-22,2.33,3.32,3.03,123.605,23.8
2022-08-23,2.33,3.29,3.05,123.0547,24.11
2022-08-24,2.33,3.36,3.11,123.109,22.82
2022-08-25,2.33,3.35,3.03,123.0586,21.78
2022-08-26,2.33,3.37,3.04,123.0656,25.56
2022-08-27,2.33,nan,nan,nan,nan
2022-08-28,2.33,nan,nan,nan,nan
2022-08-29,2.33,3.42,3.12,123.4686,26.21
2022-08-30,2.33,3.46,3.11,123.6848,26.21
2022-08-31,2.33,3.45,3.15,123.535,25.87
2022-09-01,2.33,3.51,3.26,124.4006,25.56
2022-09-02,2.33,3.4,3.2,123.7743,25.47
2022-09-03,2.33,nan,nan,nan,nan
2022-09-04,2.33,nan,nan,nan,nan
2022-09-05,2.33,nan,nan,nan,25.99
2022-09-06,2.33,3.5,3.33,124.767,26.91
2022-09-07,2.33,3.45,3.27,124.8408,24.64
2022-09-08,2.33,3.48,3.29,124.578,23.61
2022-09-09,2.33,3.56,3.33,123.7874,22.79
2022-09-10,2.33,nan,nan,nan,nan
2022-09-11,2.33,nan,nan,nan,nan
2022-09-12,2.33,3.58,3.37,123.3332,23.87
2022-09-13,2.33,3.75,3.42,124.4242,27.27
2022-09-14,2.33,3.78,3.41,124.4509,26.16
2022-09-15,2.33,3.87,3.45,124.8843,26.27
2022-09-16,2.33,3.85,3.45,124.8794,26.3
2022-09-17,2.33,nan,nan,nan,nan
2022-09-18,2.33,nan,nan,nan,nan
2022-09-19,2.33,3.95,3.49,125.0104,25.76
2022-09-20,2.33,3.96,3.57,125.1248,27.16
2022-09-21,2.33,4.02,3.51,125.7399,27.99
2022-09-22,3.08,4.11,3.7,126.1667,27.35
2022-09-23,3.08,4.2,3.69,127.2853,29.92
2022-09-24,3.08,nan,nan,nan,nan
2022-09-25,3.08,nan,nan,nan,nan
2022-09-26,3.08,4.27,3.88,128.4539,32.26
2022-09-27,3.08,4.3,3.97,128.4386,32.6
2022-09-28,3.08,4.07,3.72,128.0884,30.18
2022-09-29,3.08,4.16,3.76,127.5437,31.84
2022-09-30,3.08,4.22,3.83,127.5148,31.62
2022-10-01,3.08,nan,nan,nan,nan
2022-10-02,3.08,nan,nan,nan,nan
2022-10-03,3.08,4.12,3.67,127.0813,30.1
2022-10-04,3.08,4.1,3.62,126.1819,29.07
2022-10-05,3.08,4.15,3.76,126.8616,28.55
2022-10-06,3.08,4.23,3.83,127.2493,30.52
2022-10-07,3.08,4.3,3.89,127.3111,31.36
2022-10-08,3.08,nan,nan,nan,nan
2022-10-09,3.08,nan,nan,nan,nan
2022-10-10,3.08,nan,nan,nan,32.45
2022-10-11,3.08,4.3,3.93,127.6641,33.63
2022-10-12,3.08,4.28,3.91,128.1481,33.57
2022-10-13,3.08,4.47,3.97,127.7286,31.94
2022-10-14,3.08,4.48,4.0,128.3325,32.02
2022-10-15,3.08,nan,nan,nan,nan
2022-10-16,3.08,nan,nan,nan,nan
2022-10-17,3.08,4.45,4.02,127.6448,31.37
2022-10-18,3.08,4.43,4.01,127.9153,30.5
2022-10-19,3.08,4.55,4.14,128.3968,30.76
2022-10-20,3.08,4.62,4.24,128.0052,29.98
2022-10-21,3.08,4.49,4.21,127.6735,29.69
2022-10-22,3.08,nan,nan,nan,nan
2022-10-23,3.08,nan,nan,nan,nan
2022-10-24,3.08,4.5,4.25,128.0304,29.85
2022-10-25,3.08,4.42,4.1,127.3771,28.46
2022-10-26,3.08,4.39,4.04,126.4723,27.28
2022-10-27,3.08,4.3,3.96,126.7028,27.39
2022-10-28,3.08,4.41,4.02,127.2135,25.75
2022-10-29,3.08,nan,nan,nan,nan
2022-10-30,3.08,nan,nan,nan,nan
2022-10-31,3.08,4.51,4.1,127.6219,25.88
2022-11-01,3.08,4.54,4.07,127.3987,25.81
2022-11-02,3.08,4.61,4.1,127.3115,25.86
2022-11-03,3.83,4.71,4.14,128.1743,25.3
2022-11-04,3.83,4.66,4.17,127.1468,24.55
2022-11-05,3.83,nan,nan,nan,nan
2022-11-06,3.83,nan,nan,nan,nan
2022-11-07,3.83,4.72,4.22,126.3062,24.35
2022-11-08,3.83,4.67,4.14,125.633,25.54
2022-11-09,3.83,4.61,4.12,125.9861,26.09
2022-11-10,3.83,4.34,3.82,124.7044,23.53
2022-11-11,3.83,nan,nan,nan,22.52
2022-11-12,3.83,nan,nan,nan,nan
2022-11-13,3.83,nan,nan,nan,nan
2022-11-14,3.83,4.4,3.88,123.4277,23.73
2022-11-15,3.83,4.37,3.8,123.039,24.54
2022-11-16,3.83,4.35,3.67,123.2817,24.11
2022-11-17,3.83,4.43,3.77,123.977,23.93
2022-11-18,3.83,4.51,3.82,123.8524,23.12
2022-11-19,3.83,nan,nan,nan,nan
2022-11-20,3.83,nan,nan,nan,nan
2022-11-21,3.83,4.48,3.83,124.7009,22.36
2022-11-22,3.83,4.47,3.76,124.2365,21.29
2022-11-23,3.83,4.46,3.71,123.7574,20.35
2022-11-24,3.83,nan,nan,nan,20.42
2022-11-25,3.83,4.42,3.68,123.3386,20.5
2022-11-26,3.83,nan,nan,nan,nan
2022-11-27,3.83,nan,nan,nan,nan
2022-11-28,3.83,4.46,3.69,123.6032,22.21
2022-11-29,3.83,4.48,3.75,123.6615,21.89
2022-11-30,3.83,4.38,3.68,123.5175,20.58
2022-12-01,3.83,4.25,3.53,122.0045,19.84
2022-12-02,3.83,4.28,3.51,122.0102,19.06
2022-12-03,3.83,nan,nan,nan,nan
2022-12-04,3.83,nan,nan,nan,nan
2022-12-05,3.83,4.41,3.6,122.6384,20.75
2022-12-06,3.83,4.34,3.51,123.0191,22.17
2022-12-07,3.83,4.26,3.42,122.7608,22.68
2022-12-08,3.83,4.31,3.48,122.4152,22.29
2022-12-09,3.83,4.33,3.57,122.4201,22.83
2022-12-10,3.83,nan,nan,nan,nan
2022-12-11,3.83,nan,nan,nan,nan
2022-12-12,3.83,4.39,3.61,122.7714,25.0
2022-12-13,3.83,4.22,3.51,121.8493,22.55
2022-12-14,3.83,4.23,3.49,121.8226,21.14
2022-12-15,4.33,4.23,3.44,122.5519,22.83
2022-12-16,4.33,4.17,3.48,122.6505,22.62
2022-12-17,4.33,nan,nan,nan,nan
2022-12-18,4.33,nan,nan,nan,nan
2022-12-19,4.33,4.25,3.57,122.5275,22.42
2022-12-20,4.33,4.25,3.69,122.1357,21.48
2022-12-21,4.33,4.21,3.68,122.2828,20.07
2022-12-22,4.33,4.24,3.67,122.2419,21.97
2022-12-23,4.33,4.31,3.75,121.9743,20.87
2022-12-24,4.33,nan,nan,nan,nan
2022-12-25,4.33,nan,nan,nan,nan
2022-12-26,4.33,nan,nan,nan,nan
2022-12-27,4.33,4.32,3.84,121.7539,21.65
2022-12-28,4.33,4.31,3.88,122.0075,22.14
2022-12-29,4.33,4.34,3.83,121.6577,21.44
2022-12-30,4.33,4.41,3.88,121.4256,21.67
2022-12-31,4.33,nan,nan,nan,nan
2023-01-01,4.33,nan,nan,nan,nan
2023-01-02,4.33,nan,nan,nan,nan
2023-01-03,4.33,4.4,3.79,122.0905,22.9
2023-01-04,4.33,4.36,3.69,121.5008,22.01
2023-01-05,4.33,4.45,3.71,122.1017,22.46
2023-01-06,4.33,4.24,3.55,121.0852,21.13
2023-01-07,4.33,nan,nan,nan,nan
2023-01-08,4.33,nan,nan,nan,nan
2023-01-09,4.33,4.19,3.53,120.1508,21.97
2023-01-10,4.33,4.24,3.61,120.2483,20.58
2023-01-11,4.33,4.2,3.54,120.1614,21.09
2023-01-12,4.33,4.12,3.43,119.4218,18.83
2023-01-13,4.33,4.22,3.49,119.1673,18.35
2023-01-14,4.33,nan,nan,nan,nan
2023-01-15,4.33,nan,nan,nan,nan
2023-01-16,4.33,nan,nan,nan,19.49
2023-01-17,4.33,4.18,3.53,119.2121,19.36
2023-01-18,4.33,4.06,3.37,119.0755,20.34
2023-01-19,4.33,4.09,3.39,119.6107,20.52
2023-01-20,4.33,4.14,3.48,119.3486,19.85
2023-01-21,4.33,nan,nan,nan,nan
2023-01-22,4.33,nan,nan,nan,nan
2023-01-23,4.33,4.21,3.52,119.1434,19.81
2023-01-24,4.33,4.12,3.46,119.0958,19.2
2023-01-25,4.33,4.11,3.46,118.9686,19.08
2023-01-26,4.33,4.17,3.49,119.021,18.73
2023-01-27,4.33,4.19,3.52,118.9223,18.51
2023-01-28,4.33,nan,nan,nan,nan
2023-01-29,4.33,nan,nan,nan,nan
2023-01-30,4.33,4.25,3.55,118.8953,19.94
2023-01-31,4.33,4.21,3.52,118.9802,19.4
2023-02-01,4.33,4.09,3.39,118.6259,17.87
2023-02-02,4.58,4.09,3.4,118.3421,18.73
2023-02-03,4.58,4.3,3.53,119.5095,18.33
2023-02-04,4.58,nan,nan,nan,nan
2023-02-05,4.58,nan,nan,nan,nan
2023-02-06,4.58,4.44,3.63,120.541,19.43
2023-02-07,4.58,4.47,3.67,120.3475,18.66
2023-02-08,4.58,4.45,3.63,120.1436,19.63
2023-02-09,4.57,4.48,3.67,119.9781,20.71
2023-02-10,4.58,4.5,3.74,120.1419,20.53
2023-02-11,4.58,nan,nan,nan,nan
2023-02-12,4.58,nan,nan,nan,nan
2023-02-13,4.58,4.52,3.72,119.9828,20.34
2023-02-14,4.58,4.6,3.77,119.9229,18.91
2023-02-15,4.58,4.62,3.81,120.4557,18.23
2023-02-16,4.58,4.62,3.86,120.4651,20.17
2023-02-17,4.58,4.6,3.82,120.5526,20.02
2023-02-18,4.58,nan,nan,nan,nan
2023-02-19,4.58,nan,nan,nan,nan
2023-02-20,4.58,nan,nan,nan,21.23
2023-02-21,4.58,4.67,3.95,120.6256,22.87
2023-02-22,4.58,4.66,3.93,120.8389,22.29
2023-02-23,4.58,4.66,3.88,121.0896,21.14
2023-02-24,4.58,4.78,3.95,121.5681,21.67
2023-02-25,4.58,nan,nan,nan,nan
2023-02-26,4.58,nan,nan,nan,nan
2023-02-27,4.57,4.78,3.92,121.3941,20.95
2023-02-28,4.57,4.81,3.92,121.3341,20.7
2023-03-01,4.58,4.89,4.01,120.6347,20.58
2023-03-02,4.57,4.89,4.08,121.1302,19.59
2023-03-03,4.57,4.86,3.97,120.7742,18.49
2023-03-04,4.57,nan,nan,nan,nan
2023-03-05,4.57,nan,nan,nan,nan
2023-03-06,4.57,4.89,3.98,120.485,18.61
2023-03-07,4.57,5.0,3.97,121.4623,19.59
2023-03-08,4.57,5.05,3.98,121.4511,19.11
2023-03-09,4.57,4.9,3.93,121.4458,22.61
2023-03-10,4.57,4.6,3.7,121.2421,24.8
2023-03-11,4.57,nan,nan,nan,nan
2023-03-12,4.57,nan,nan,nan,nan
2023-03-13,4.58,4.03,3.55,120.8897,26.52
2023-03-14,4.58,4.2,3.64,121.0141,23.73
2023-03-15,4.58,3.93,3.51,122.1079,26.14
2023-03-16,4.58,4.14,3.56,121.7221,22.99
2023-03-17,4.58,3.81,3.39,121.5643,25.51
2023-03-18,4.58,nan,nan,nan,nan
2023-03-19,4.58,nan,nan,nan,nan
2023-03-20,4.58,3.92,3.47,121.0141,24.15
2023-03-21,4.58,4.17,3.59,120.8958,21.38
2023-03-22,4.58,3.96,3.48,120.6217,22.26
2023-03-23,4.83,3.76,3.38,119.7587,22.61
2023-03-24,4.83,3.76,3.38,120.4598,21.74
2023-03-25,4.83,nan,nan,nan,nan
2023-03-26,4.83,nan,nan,nan,nan
2023-03-27,4.83,3.94,3.53,120.2541,20.6
2023-03-28,4.83,4.02,3.55,119.7138,19.97
2023-03-29,4.83,4.08,3.57,119.7258,19.12
2023-03-30,4.83,4.1,3.55,119.4078,19.02
2023-03-31,4.83,4.06,3.48,119.3602,18.7
2023-04-01,4.83,nan,nan,nan,nan
2023-04-02,4.83,nan,nan,nan,nan
2023-04-03,4.83,3.97,3.43,119.3204,18.55
2023-04-04,4.83,3.84,3.35,119.142,19.0
2023-04-05,4.83,3.79,3.3,119.2953,19.08
2023-04-06,4.83,3.82,3.3,119.3072,18.4
2023-04-07,4.83,3.97,3.39,119.3547,nan
2023-04-08,4.83,nan,nan,nan,nan
2023-04-09,4.83,nan,nan,nan,nan
2023-04-10,4.83,4.0,3.41,119.7948,18.97
2023-04-11,4.83,4.03,3.43,119.5248,19.1
2023-04-12,4.83,3.95,3.41,119.003,19.09
2023-04-13,4.83,3.96,3.45,118.3915,17.8
2023-04-14,4.83,4.08,3.52,118.8567,17.07
2023-04-15,4.83,nan,nan,nan,nan
2023-04-16,4.83,nan,nan,nan,nan
2023-04-17,4.83,4.18,3.6,119.2787,16.95
2023-04-18,4.83,4.19,3.58,119.1049,16.83
2023-04-19,4.83,4.24,3.6,119.303,16.46
2023-04-20,4.83,4.14,3.54,119.1199,17.17
2023-04-21,4.83,4.17,3.57,119.3117,16.77
2023-04-22,4.83,nan,nan,nan,nan
2023-04-23,4.83,nan,nan,nan,nan
2023-04-24,4.83,4.12,3.52,119.2039,16.89
2023-04-25,4.83,3.86,3.4,119.613,18.76
2023-04-26,4.83,3.9,3.43,119.3228,18.84
2023-04-27,4.83,4.07,3.53,119.4298,17.03
2023-04-28,4.83,4.04,3.44,119.2248,15.78
2023-04-29,4.83,nan,nan,nan,nan
2023-04-30,4.83,nan,nan,nan,nan
2023-05-01,4.83,4.14,3.59,119.4435,16.08
2023-05-02,4.83,3.97,3.44,119.6105,17.78
2023-05-03,4.83,3.89,3.38,119.1233,18.34
2023-05-04,5.08,3.75,3.37,119.0465,20.09
2023-05-05,5.08,3.92,3.44,118.5548,17.19
2023-05-06,5.08,nan,nan,nan,nan
2023-05-07,5.08,nan,nan,nan,nan
2023-05-08,5.08,4.0,3.52,118.5759,16.98
2023-05-09,5.08,4.01,3.53,118.8239,17.71
2023-05-10,5.08,3.9,3.43,118.5864,16.94
2023-05-11,5.08,3.89,3.39,119.0303,16.93
2023-05-12,5.08,3.98,3.46,119.3671,17.03
2023-05-13,5.08,nan,nan,nan,nan
2023-05-14,5.08,nan,nan,nan,nan
2023-05-15,5.08,3.99,3.5,119.1608,17.12
2023-05-16,5.08,4.06,3.54,119.1743,17.99
2023-05-17,5.08,4.12,3.57,119.607,16.87
2023-05-18,5.08,4.24,3.65,120.0886,16.05
2023-05-19,5.08,4.28,3.7,119.7751,16.81
2023-05-20,5.08,nan,nan,nan,nan
2023-05-21,5.08,nan,nan,nan,nan
2023-05-22,5.08,4.29,3.72,120.0875,17.21
2023-05-23,5.08,4.26,3.7,120.3204,18.53
2023-05-24,5.08,4.31,3.73,120.4752,20.03
2023-05-25,5.08,4.5,3.83,120.8413,19.14
2023-05-26,5.08,4.54,3.8,120.6304,17.95
2023-05-27,5.08,nan,nan,nan,nan
2023-05-28,5.08,nan,nan,nan,nan
2023-05-29,5.08,nan,nan,nan,17.46
2023-05-30,5.08,4.46,3.69,120.5546,17.46
2023-05-31,5.08,4.4,3.64,120.9662,17.94
2023-06-01,5.08,4.33,3.61,120.0491,15.65
2023-06-02,5.08,4.5,3.69,120.0049,14.6
2023-06-03,5.08,nan,nan,nan,nan
2023-06-04,5.08,nan,nan,nan,nan
2023-06-05,5.08,4.46,3.69,120.0048,14.73
2023-06-06,5.08,4.51,3.7,119.9718,13.96
2023-06-07,5.08,4.56,3.79,119.859,13.94
2023-06-08,5.08,4.52,3.73,119.5712,13.65
2023-06-09,5.08,4.59,3.75,119.4322,13.83
2023-06-10,5.08,nan,nan,nan,nan
2023-06-11,5.08,nan,nan,nan,nan
2023-06-12,5.08,4.55,3.73,119.6376,15.01
2023-06-13,5.08,4.67,3.84,119.1899,14.61
2023-06-14,5.08,4.74,3.83,118.776,13.88
2023-06-15,5.07,4.62,3.72,118.5521,14.5
2023-06-16,5.08,4.7,3.77,118.4184,13.54
2023-06-17,5.08,nan,nan,nan,nan
2023-06-18,5.08,nan,nan,nan,nan
2023-06-19,5.08,nan,nan,nan,14.19
2023-06-20,5.07,4.68,3.74,118.938,13.88
2023-06-21,5.07,4.68,3.72,118.727,13.2
2023-06-22,5.07,4.77,3.8,118.7552,12.91
2023-06-23,5.07,4.71,3.74,119.152,13.44
2023-06-24,5.07,nan,nan,nan,nan
2023-06-25,5.07,nan,nan,nan,nan
2023-06-26,5.07,4.65,3.72,119.0761,14.25
2023-06-27,5.07,4.74,3.77,118.8949,13.74
2023-06-28,5.07,4.71,3.71,119.3382,13.43
2023-06-29,5.07,4.87,3.85,119.527,13.54
2023-06-30,5.08,4.87,3.81,119.3606,13.59
2023-07-01,5.08,nan,nan,nan,nan
2023-07-02,5.08,nan,nan,nan,nan
2023-07-03,5.08,4.94,3.86,119.2119,13.57
2023-07-04,5.08,nan,nan,nan,13.7
2023-07-05,5.08,4.94,3.95,119.3483,14.18
2023-07-06,5.08,4.99,4.05,119.8193,15.44
2023-07-07,5.08,4.94,4.06,119.0761,14.83
2023-07-08,5.08,nan,nan,nan,nan
2023-07-09,5.08,nan,nan,nan,nan
2023-07-10,5.07,4.85,4.01,118.9548,15.07
2023-07-11,5.08,4.88,3.99,118.7344,14.84
2023-07-12,5.08,4.72,3.86,117.6385,13.54
2023-07-13,5.08,4.59,3.76,117.1831,13.61
2023-07-14,5.08,4.74,3.83,117.0463,13.34
2023-07-15,5.08,nan,nan,nan,nan
2023-07-16,5.08,nan,nan,nan,nan
2023-07-17,5.08,4.74,3.81,117.1267,13.48
2023-07-18,5.08,4.74,3.8,117.0264,13.3
2023-07-19,5.08,4.74,3.75,117.3462,13.76
2023-07-20,5.08,4.8,3.85,117.5947,13.99
2023-07-21,5.08,4.82,3.84,117.9418,13.6
2023-07-22,5.08,nan,nan,nan,nan
2023-07-23,5.08,nan,nan,nan,nan
2023-07-24,5.08,4.81,3.86,117.8124,13.91
2023-07-25,5.08,4.85,3.91,117.8565,13.86
2023-07-26,5.08,4.82,3.86,117.76,13.19
2023-07-27,5.33,4.91,4.01,117.8938,14.41
2023-07-28,5.33,4.87,3.96,117.788,13.33
2023-07-29,5.33,nan,nan,nan,nan
2023-07-30,5.33,nan,nan,nan,nan
2023-07-31,5.33,4.88,3.97,117.8241,13.63
2023-08-01,5.33,4.92,4.05,118.5738,13.93
2023-08-02,5.33,4.88,4.08,119.1268,16.09
2023-08-03,5.33,4.9,4.2,119.3963,15.92
2023-08-04,5.33,4.78,4.05,118.821,17.1
2023-08-05,5.33,nan,nan,nan,nan
2023-08-06,5.33,nan,nan,nan,nan
2023-08-07,5.33,4.76,4.09,119.0809,15.77
2023-08-08,5.33,4.74,4.02,119.6407,15.99
2023-08-09,5.33,4.79,4.0,119.476,15.96
2023-08-10,5.33,4.82,4.09,119.1581,15.85
2023-08-11,5.33,4.89,4.16,119.6268,14.84
2023-08-12,5.33,nan,nan,nan,nan
2023-08-13,5.33,nan,nan,nan,nan
2023-08-14,5.33,4.96,4.19,120.0725,14.82
2023-08-15,5.33,4.92,4.21,120.2127,16.46
2023-08-16,5.33,4.97,4.28,120.3551,16.78
2023-08-17,5.33,4.94,4.3,120.5242,17.89
2023-08-18,5.33,4.92,4.26,120.4321,17.3
2023-08-19,5.33,nan,nan,nan,nan
2023-08-20,5.33,nan,nan,nan,nan
2023-08-21,5.33,4.97,4.34,120.4627,17.13
2023-08-22,5.33,5.02,4.34,120.3554,16.97
2023-08-23,5.33,4.95,4.19,120.0307,15.98
2023-08-24,5.33,4.98,4.23,120.2354,17.2
2023-08-25,5.33,5.03,4.25,120.5137,15.68
2023-08-26,5.33,nan,nan,nan,nan
2023-08-27,5.33,nan,nan,nan,nan
2023-08-28,5.33,4.98,4.2,120.3155,15.08
2023-08-29,5.33,4.87,4.12,120.2669,14.45
2023-08-30,5.33,4.9,4.12,119.7937,13.88
2023-08-31,5.33,4.85,4.09,120.225,13.57
2023-09-01,5.33,4.87,4.18,120.759,13.09
2023-09-02,5.33,nan,nan,nan,nan
2023-09-03,5.33,nan,nan,nan,nan
2023-09-04,5.33,nan,nan,nan,13.82
2023-09-05,5.33,4.94,4.27,121.4345,14.01
2023-09-06,5.33,5.01,4.3,121.8671,14.45
2023-09-07,5.33,4.94,4.27,121.9528,14.4
2023-09-08,5.33,4.98,4.26,121.9475,13.84
2023-09-09,5.33,nan,nan,nan,nan
2023-09-10,5.33,nan,nan,nan,nan
2023-09-11,5.33,4.97,4.29,121.3386,13.8
2023-09-12,5.33,4.98,4.27,121.2913,14.23
2023-09-13,5.33,4.96,4.25,121.0549,13.48
2023-09-14,5.33,5.0,4.29,121.2395,12.82
2023-09-15,5.33,5.02,4.33,121.199,13.79
2023-09-16,5.33,nan,nan,nan,nan
2023-09-17,5.33,nan,nan,nan,nan
2023-09-18,5.33,5.05,4.32,121.1938,14.0
2023-09-19,5.33,5.08,4.37,121.1645,14.11
2023-09-20,5.33,5.12,4.35,120.9648,15.14
2023-09-21,5.33,5.12,4.49,121.5528,17.54
2023-09-22,5.33,5.1,4.44,121.5306,17.2
2023-09-23,5.33,nan,nan,nan,nan
2023-09-24,5.33,nan,nan,nan,nan
2023-09-25,5.33,5.09,4.55,122.1143,16.9
2023-09-26,5.33,5.04,4.56,122.4742,18.94
2023-09-27,5.33,5.1,4.61,122.9895,18.22
2023-09-28,5.33,5.04,4.59,122.5342,17.34
2023-09-29,5.33,5.03,4.59,122.3077,17.52
2023-09-30,5.33,nan,nan,nan,nan
2023-10-01,5.33,nan,nan,nan,nan
2023-10-02,5.33,5.12,4.69,123.0545,17.61
2023-10-03,5.33,5.15,4.81,123.7848,19.78
2023-10-04,5.33,5.05,4.73,123.5946,18.58
2023-10-05,5.33,5.03,4.72,123.8993,18.49
2023-10-06,5.33,5.08,4.78,123.3563,17.45
2023-10-07,5.33,nan,nan,nan,nan
2023-10-08,5.33,nan,nan,nan,nan
2023-10-09,5.33,nan,nan,nan,17.7
2023-10-10,5.33,4.96,4.66,122.9282,17.03
2023-10-11,5.33,4.99,4.58,122.7697,16.09
2023-10-12,5.33,5.06,4.7,123.2101,16.69
2023-10-13,5.33,5.04,4.63,123.5954,19.32
2023-10-14,5.33,nan,nan,nan,nan
2023-10-15,5.33,nan,nan,nan,nan
2023-10-16,5.33,5.09,4.71,123.3185,17.21
2023-10-17,5.33,5.19,4.83,123.1202,17.88
2023-10-18,5.33,5.19,4.91,123.8148,19.22
2023-10-19,5.33,5.14,4.98,123.798,21.4
2023-10-20,5.33,5.07,4.93,123.612,21.71
2023-10-21,5.33,nan,nan,nan,nan
2023-10-22,5.33,nan,nan,nan,nan
2023-10-23,5.33,5.05,4.86,123.2846,20.37
2023-10-24,5.33,5.02,4.83,123.6416,18.97
2023-10-25,5.33,5.08,4.95,123.7871,20.19
2023-10-26,5.33,5.02,4.86,124.0064,20.68
2023-10-27,5.33,4.99,4.84,123.62,21.27
2023-10-28,5.33,nan,nan,nan,nan
2023-10-29,5.33,nan,nan,nan,nan
2023-10-30,5.33,5.03,4.88,123.4076,19.75
2023-10-31,5.33,5.07,4.88,123.8364,18.14
2023-11-01,5.33,4.95,4.77,123.7922,16.87
2023-11-02,5.33,4.98,4.67,122.8818,15.66
2023-11-03,5.33,4.83,4.57,121.7564,14.91
2023-11-04,5.33,nan,nan,nan,nan
2023-11-05,5.33,nan,nan,nan,nan
2023-11-06,5.33,4.93,4.67,121.6484,14.89
2023-11-07,5.33,4.91,4.58,122.0777,14.81
2023-11-08,5.33,4.93,4.49,122.0926,14.45
2023-11-09,5.33,5.03,4.62,122.1281,15.29
2023-11-10,5.33,5.04,4.61,nan,14.17
2023-11-11,5.33,nan,nan,nan,nan
2023-11-12,5.33,nan,nan,nan,nan
2023-11-13,5.33,5.02,4.63,122.4264,14.76
2023-11-14,5.33,4.8,4.44,121.35,14.16
2023-11-15,5.33,4.9,4.53,121.0749,14.18
2023-11-16,5.33,4.83,4.45,121.1754,14.32
2023-11-17,5.33,4.88,4.44,120.8477,13.8
2023-11-18,5.33,nan,nan,nan,nan
2023-11-19,5.33,nan,nan,nan,nan
2023-11-20,5.33,4.89,4.42,120.2533,13.41
2023-11-21,5.33,4.86,4.41,120.2241,13.35
2023-11-22,5.33,4.89,4.42,120.6802,12.85
2023-11-23,5.33,nan,nan,nan,12.8
2023-11-24,5.33,4.92,4.47,120.2105,12.46
2023-11-25,5.33,nan,nan,nan,nan
2023-11-26,5.33,nan,nan,nan,nan
2023-11-27,5.33,4.84,4.39,120.173,12.69
2023-11-28,5.33,4.73,4.34,119.5904,12.69
2023-11-29,5.33,4.64,4.27,119.8159,12.98
2023-11-30,5.33,4.73,4.37,120.2434,12.92
2023-12-01,5.33,4.56,4.22,119.9424,12.63
2023-12-02,5.33,nan,nan,nan,nan
2023-12-03,5.33,nan,nan,nan,nan
2023-12-04,5.33,4.64,4.28,120.4727,13.08
2023-12-05,5.33,4.57,4.18,120.7913,12.85
2023-12-06,5.33,4.6,4.12,120.5334,12.97
2023-12-07,5.33,4.58,4.14,120.6013,13.06
2023-12-08,5.33,4.71,4.23,120.7607,12.35
2023-12-09,5.33,nan,nan,nan,nan
2023-12-10,5.33,nan,nan,nan,nan
2023-12-11,5.33,4.71,4.23,120.9279,12.63
2023-12-12,5.33,4.73,4.2,120.6817,12.07
2023-12-13,5.33,4.46,4.04,121.1571,12.19
2023-12-14,5.33,4.37,3.92,119.5683,12.48
2023-12-15,5.33,4.44,3.91,119.7382,12.28
2023-12-16,5.33,nan,nan,nan,nan
2023-12-17,5.33,nan,nan,nan,nan
2023-12-18,5.33,4.43,3.95,119.9102,12.56
2023-12-19,5.33,4.41,3.93,119.4632,12.53
2023-12-20,5.33,4.34,3.86,119.5435,13.67
2023-12-21,5.33,4.33,3.89,119.3168,13.65
2023-12-22,5.33,4.31,3.9,119.0625,13.03
2023-12-23,5.33,nan,nan,nan,nan
2023-12-24,5.33,nan,nan,nan,nan
2023-12-25,5.33,nan,nan,nan,nan
2023-12-26,5.33,4.26,3.89,118.8875,12.99
2023-12-27,5.33,4.2,3.79,118.4729,12.43
2023-12-28,5.33,4.26,3.84,118.4104,12.47
2023-12-29,5.33,4.23,3.88,118.4208,12.45
2023-12-30,5.33,nan,nan,nan,nan
2023-12-31,5.33,nan,nan,nan,nan
2024-01-01,5.33,nan,nan,nan,nan
2024-01-02,5.33,4.33,3.95,119.2686,13.2
2024-01-03,5.33,4.33,3.91,119.6958,14.04
2024-01-04,5.33,4.38,3.99,119.6208,14.13
2024-01-05,5.33,4.4,4.05,119.388,13.35
2024-01-06,5.33,nan,nan,nan,nan
2024-01-07,5.33,nan,nan,nan,nan
2024-01-08,5.33,4.36,4.01,119.2506,13.08
2024-01-09,5.33,4.36,4.02,119.6666,12.76
2024-01-10,5.33,4.37,4.04,119.7614,12.69
2024-01-11,5.33,4.26,3.98,119.8916,12.44
2024-01-12,5.33,4.14,3.96,119.534,12.7
2024-01-13,5.33,nan,nan,nan,nan
2024-01-14,5.33,nan,nan,nan,nan
2024-01-15,5.33,nan,nan,nan,13.25
2024-01-16,5.33,4.22,4.07,120.5759,13.84
2024-01-17,5.33,4.34,4.1,121.0402,14.79
